{"cameraMode":{"drawMode":0,"name":"Shaded","section":"Shading Mode"},"sceneLighting":true,"audioPlay":false,"sceneViewState":{"showFog":true,"showMaterialUpdate":false,"showSkybox":true,"showFlares":true,"showImageEffects":true,"showParticleSystems":true},"in2DMode":false,"pivot":{"x":5.1143646240234379,"y":-26.978221893310548,"z":70.46427917480469},"rotation":{"x":0.08270618319511414,"y":0.01494374219328165,"z":-0.0012398171238601208,"w":0.996467649936676},"size":96.26446533203125,"orthographic":false}